ID,FIRSTNAME,LASTNAME,USERNAME,PASSWORD
1,Ernestine,Daingerfield,ErnestineDaingerfield,kWx0E2ahFn
2,Sybyl,Marsden,SybylMarsden,bJe0KID
3,Emlynne,Paffot,EmlynnePaffot,Nubclz
4,Clare,Hume,ClareHume,WxVzGc3IkiAL
5,Eileen,Daingerfield,EileenDaingerfield,bQ5LUlvQsl
6,Frasco,cornhill,Frascocornhill,XxFRiXMX
7,Astrix,Whitlow,AstrixWhitlow,4d83aRT3nWT
8,Bryana,Henfre,BryanaHenfre,nE680JOL
9,Shela,O'Hannay,ShelaO'Hannay,CkQ85e
10,Beryl,Stolle,BerylStolle,GCyFYx1CJ
11,Katey,Caton,KateyCaton,4CysHVrBaSN
12,Nessa,Faulo,NessaFaulo,x1xdtcE
13,Craig,Rozenbaum,CraigRozenbaum,aJ1Qo0UU
14,Jorie,Germon,JorieGermon,lh5Ae500C
15,Patrizio,Ravenscroft,PatrizioRavenscroft,TZlz3n
16,Niles,Hiorn,NilesHiorn,QZqBI6q
17,Goraud,Livingston,GoraudLivingston,r9ORN0POpOVg
18,Anselma,Grasha,AnselmaGrasha,IBC705X
19,Ashia,Mc Gaughey,AshiaMc Gaughey,NlRX70U
20,Thorndike,Gerriessen,ThorndikeGerriessen,qrUozd
21,Cletus,Luckcock,CletusLuckcock,z9XNjG
22,Gilbert,Goss,GilbertGoss,PtAc4m89U
23,Lorri,Dick,LorriDick,lyfGpaRQX
24,Alexine,Monkleigh,AlexineMonkleigh,zxiPZanzGNXZ
25,Avery,Dagon,AveryDagon,y1WwAJmuCC
26,Rozelle,Cicconetti,RozelleCicconetti,70rjUVg
27,Corinne,Vinter,CorinneVinter,hGgZN4YvXxR
28,Janie,Clarae,JanieClarae,x7qoTJo
29,Rudiger,Kinnen,RudigerKinnen,OUBt2b
30,Nat,Arni,NatArni,SyGCZPiQP51
31,Adi,Pesticcio,AdiPesticcio,NBlb6etNRzO
32,Renie,Domaschke,RenieDomaschke,PTsM6eMNFS
33,Sally,Stanford,SallyStanford,2eLaXO
34,Skye,Ferier,SkyeFerier,FW8vZH
35,Alma,Fullerton,AlmaFullerton,k8UPG8Op
36,Ario,Rowling,ArioRowling,OQBgXuA
37,Ciel,Bartosik,CielBartosik,GB0onLbivc
38,Ethan,Deetlof,EthanDeetlof,sVlxWduIno
39,Mathian,Rame,MathianRame,3TP5BohL
40,Marilyn,Fenner,MarilynFenner,ficJjIOUtzjM
41,Edd,Meates,EddMeates,ewR0zcQ7SSZa
42,Gregorius,Hurdwell,GregoriusHurdwell,k6rh2rbh
43,Storm,Lampkin,StormLampkin,suuh5zZil17H
44,Cristina,Aspall,CristinaAspall,UJYGJO
45,Tracey,Selland,TraceySelland,U0Fl11E
46,Dilan,Bristo,DilanBristo,BQC5C5l65n
47,Becka,Addey,BeckaAddey,THhHMEAa
48,Tremayne,Quakley,TremayneQuakley,rQha32bUYvnA
49,Nanni,Cosby,NanniCosby,CVEyWEle64Z
50,Shanta,Ciciotti,ShantaCiciotti,92SPtRvh7
51,Vassili,Daintier,VassiliDaintier,pX4VuoPi
52,Ezequiel,Peasnone,EzequielPeasnone,XkVwNRWbq9j
53,Corey,Duguid,CoreyDuguid,VZuslhG
54,Doralyn,Barenski,DoralynBarenski,OjOkBmdKwd
55,Timoteo,Hammelberg,TimoteoHammelberg,3fXIDK
56,Carole,Richin,CaroleRichin,zusW8W2qMvl
57,Emmalyn,Gorrie,EmmalynGorrie,qGckev
58,Rae,Frany,RaeFrany,FFhKOE68aP
59,Ericha,Desbrow,ErichaDesbrow,pwsyCaqCp
60,Roosevelt,Scoterbosh,RooseveltScoterbosh,CSA3aYhy5
61,Georgie,McGrirl,GeorgieMcGrirl,ayLusDGvh
62,Tanya,Benitez,TanyaBenitez,PiJu0CL5c5uy
63,Mackenzie,Vasiliu,MackenzieVasiliu,3mM5XvUnQn
64,Franchot,Lissenden,FranchotLissenden,zuMKPT3FS
65,Demeter,O'Duane,DemeterO'Duane,SomlCTVR
66,Claretta,Copeman,ClarettaCopeman,WcijDSosFzFm
67,Claudetta,McNamee,ClaudettaMcNamee,bZ2FWAMIzCV
68,Sherri,Hebbard,SherriHebbard,S5bY1HBSpD
69,Lazar,Ledster,LazarLedster,mSpjao5
70,Bertie,McQuarter,BertieMcQuarter,mngpbocl
71,Delmor,Kimblen,DelmorKimblen,kMDBWwpyQ8H
72,Cynde,Moatt,CyndeMoatt,7Qx9fM
73,Leann,Adderson,LeannAdderson,fCG6DCjnEsSz
74,Florinda,Gemlett,FlorindaGemlett,hbfT6r3Ble6u
75,Jody,Shinfield,JodyShinfield,Ek9eHnok
76,Craig,Hennemann,CraigHennemann,eiIeMC2kn
77,Allin,Firby,AllinFirby,PPWB8r
78,Silvanus,Jakobssen,SilvanusJakobssen,u8sWhbjV3si
79,Jaynell,Pottle,JaynellPottle,EQppVBrj
80,Lise,Pratty,LisePratty,M9t56cYCE
81,Miran,Fidele,MiranFidele,dMDwFDKt
82,Brody,Drayson,BrodyDrayson,cEUBMX
83,Baryram,Fritchly,BaryramFritchly,2s96vHg2XT
84,Lynsey,Soper,LynseySoper,FhiE88v5Rewg
85,Clotilda,Aspinall,ClotildaAspinall,UvXKFrX
86,Frederique,Concannon,FrederiqueConcannon,7NzXqFUutSQe
87,Eberhard,Crispin,EberhardCrispin,hK6CB5qh
88,Basile,Loody,BasileLoody,QpTk3M
89,Sher,McCleverty,SherMcCleverty,3QjWQEpbZc
90,Dulcy,Streets,DulcyStreets,kg5RXL6
91,Birdie,Stud,BirdieStud,9g7iHsWA8yy
92,Annie,Bleasdille,AnnieBleasdille,veoArVvgHqrW
93,Rickie,Leward,RickieLeward,jGtLONtUft9
94,Sylas,Posselt,SylasPosselt,0G8ivP
95,Tyne,Caser,TyneCaser,UV4xcR3OsamI
96,Ketti,Rubens,KettiRubens,PxVuVluR16Hw
97,Annadiana,Trouncer,AnnadianaTrouncer,30yTdJjdb0
98,Marcelle,Sperling,MarcelleSperling,alGzyw0
99,Lori,Kundt,LoriKundt,eb1iwWiOQ
100,Leia,MacArthur,LeiaMacArthur,bhvy8N
101,Cristina,Chellenham,CristinaChellenham,ZMWGXK
102,Rob,Annis,RobAnnis,wEXpZ1C9Sk6
103,Zebadiah,Dunks,ZebadiahDunks,3Eoy2H7h
104,Zach,Hedgeley,ZachHedgeley,sIJ6G4zg2Gqm
105,Micaela,Neggrini,MicaelaNeggrini,FO0wKXZwG5z
106,Clywd,Wilshere,ClywdWilshere,BBTMicE
107,Tildie,Yeiles,TildieYeiles,oZJVKqj
108,Redford,Acreman,RedfordAcreman,X4YHz6R
109,Peter,Barbrook,PeterBarbrook,pV2wtD6J
110,Annelise,Artis,AnneliseArtis,OLhKI40rih
111,Alejandrina,Allchorn,AlejandrinaAllchorn,36pB9d0HED
112,Sylvester,Brommage,SylvesterBrommage,6ly02c2Bq7
113,Brody,Ing,BrodyIng,8JqD8Y9PG
114,Meredeth,Goldsworthy,MeredethGoldsworthy,RU8DksXp
115,Viviana,Simoes,VivianaSimoes,vBhDF0aQJDXD
116,Pablo,Probate,PabloProbate,mIKhYMru
117,Cordie,Chelley,CordieChelley,RltUD9
118,Freddi,Kneaphsey,FreddiKneaphsey,sg2eTdB4B
119,Donelle,Tesche,DonelleTesche,4Ad5aR6Xxkun
120,Felike,Softley,FelikeSoftley,wnjuFqnDc9Zi
121,Guthrie,Rannald,GuthrieRannald,v36joq
122,Horton,Easum,HortonEasum,EPFKOehP
123,Dionysus,Asser,DionysusAsser,ZQSrf7o
124,Hanna,Somerlie,HannaSomerlie,ZO3iIO
125,Regen,Dorgan,RegenDorgan,WyG3AsWl
126,Alexine,Stiebler,AlexineStiebler,JOUiTyYQ3Xbu
127,Nicolette,McArt,NicoletteMcArt,bs6cLKuR
128,Norah,Torns,NorahTorns,y1c414ys
129,Clarinda,Hakeworth,ClarindaHakeworth,jT8hxTqj
130,Cody,Duckerin,CodyDuckerin,QBtnkCKQCy
131,Jacinthe,Draayer,JacintheDraayer,xjfy06qm
132,Cathrine,Trillow,CathrineTrillow,YL2rGho98U0u
133,Lucilia,Lapsley,LuciliaLapsley,BdJFOVm
134,Bernardine,Freiburger,BernardineFreiburger,gfYY90H
135,Nettle,Pollett,NettlePollett,7VOQ7vDyi
136,Carine,Hutchinson,CarineHutchinson,inhzLDPtMEt
137,Omero,Cella,OmeroCella,ct8SRGz
138,Free,Galpen,FreeGalpen,Z5gbrHM
139,Riccardo,Hadenton,RiccardoHadenton,8copDWVdVIMy
140,Urson,Grocock,UrsonGrocock,X8ZJAtSym
141,Yolane,Westcarr,YolaneWestcarr,iISNotikkr
142,Cristionna,Wedderburn,CristionnaWedderburn,h5xEvbXVd
143,Enos,Benedick,EnosBenedick,708FbCBU24wG
144,Cristina,Halton,CristinaHalton,IEPTuFIMpah
145,Bryana,Dy,BryanaDy,AiEMqbVBQKwu
146,Chastity,Ghioni,ChastityGhioni,iq8SDqHazQ
147,Ellsworth,Duffell,EllsworthDuffell,KCNraRvH
148,Charlotta,Creavin,CharlottaCreavin,aviAPwhyYif0
149,Giorgi,Christoforou,GiorgiChristoforou,Ku7gCjdJ5v
150,Lindon,Filimore,LindonFilimore,4cYSGp1Zd74
151,Sheffield,Singers,SheffieldSingers,ho7PDr75
152,Stavro,Morten,StavroMorten,8JvxLjWIOUmg
153,Taite,Chidwick,TaiteChidwick,wUjmRO1K
154,Tara,Bohey,TaraBohey,fnKY5h9
155,Rebekkah,Burgisi,RebekkahBurgisi,Vze7mYVkr
156,Alice,Doggerell,AliceDoggerell,oyyO1uP
157,Koren,Farmloe,KorenFarmloe,AhuBlPBB
158,Sebastian,Zamorrano,SebastianZamorrano,Po4KDNtCFq
159,Lothario,Mahoney,LotharioMahoney,eTTy1AnG
160,Avigdor,Ortiger,AvigdorOrtiger,octagFGez
161,Sayres,Carley,SayresCarley,K7UUG2tmzCur
162,Rhett,Winyard,RhettWinyard,oC1VMrSbfkD
163,Inga,Radish,IngaRadish,x82VfulW
164,Derek,Mensler,DerekMensler,5Poiq5faOx
165,Thorpe,O'Dyvoy,ThorpeO'Dyvoy,DZoBrtbqI7f
166,Harry,Bernasek,HarryBernasek,bvT15S71
167,Harv,Salery,HarvSalery,lcyk5pkl
168,Karlyn,Sokell,KarlynSokell,iSGAYMs8
169,Kale,Doddemeade,KaleDoddemeade,rAR7RqFoDrOJ
170,Glad,Bunney,GladBunney,nRR5n0MHi3
171,Dennis,Feeney,DennisFeeney,WKTxw5Zejlx
172,Ophelie,Bytheway,OphelieBytheway,eG5pE85aoDm
173,Dody,Friedank,DodyFriedank,dEdwYyUf4
174,Tony,Merryfield,TonyMerryfield,BZX9QZ
175,Rivy,Trood,RivyTrood,fYRU0tZ4HpH
176,Lula,Covington,LulaCovington,InQt95
177,Darby,Treamayne,DarbyTreamayne,TuPuqY
178,Anton,Harrop,AntonHarrop,7d36nnt
179,Amelie,Lethem,AmelieLethem,l7yp8hjtoU
180,Case,Minget,CaseMinget,0AG0rV4H
181,Avril,Cloke,AvrilCloke,E3Pz2ZkxS05z
182,Arleen,Reddyhoff,ArleenReddyhoff,ZJILxE6xcbNO
183,Otes,Bayliss,OtesBayliss,8FZi4mm
184,Mira,Mellenby,MiraMellenby,reXuWjsOeZZ
185,Bertie,Paulillo,BertiePaulillo,pFB0FhRtpv
186,Flor,Waldie,FlorWaldie,FVAUN7ph
187,Torry,Bridie,TorryBridie,WKVSzGoiwr32
188,Agnesse,Shafier,AgnesseShafier,xcD60YJ9
189,Jeanna,Lydiatt,JeannaLydiatt,BbyZjto7YQnh
190,Duke,Taberner,DukeTaberner,uwkYNJR4Y83b
191,Dolorita,Smyley,DoloritaSmyley,81d6zi6jjK
192,Celene,Mulcahy,CeleneMulcahy,r1ubmq
193,Kenon,Coupland,KenonCoupland,6ShJSO
194,Babs,Vickarman,BabsVickarman,LF2t8Hu1
195,Janeczka,Wharfe,JaneczkaWharfe,W0U17ZBRihg
196,Gearard,Errigo,GearardErrigo,0O50K69P4Z
197,Don,Atte-Stone,DonAtte-Stone,2rF574WD
198,Dyna,Dakers,DynaDakers,8qCCqLM2cW
199,Kathleen,Jackalin,KathleenJackalin,iGItV0DQDX
200,Mar,Lung,MarLung,LkMnJ0PVq
201,Rae,Haselden,RaeHaselden,OE2ZDJj
202,Alyda,McKellen,AlydaMcKellen,oErZdi5I2h
203,Janka,Pochet,JankaPochet,PMm6J1bPe
204,Astrix,Gumb,AstrixGumb,h2m9JexM
205,Lissi,Meaney,LissiMeaney,Ffp2HWUh
206,Richie,Lampet,RichieLampet,Xri0iHltFEC5
207,Martyn,Abbitt,MartynAbbitt,3adhnBQuVz
208,Rog,St. Quentin,RogSt. Quentin,KcCe36J
209,Reynold,Petruskevich,ReynoldPetruskevich,pbdCU1Q
210,Rockwell,Simon,RockwellSimon,SzMG4jPP
211,Suzette,Bodimeade,SuzetteBodimeade,aKEsPM12j3iw
212,Jodie,Corzor,JodieCorzor,xkiN8OB
213,Chiarra,Nund,ChiarraNund,TgtUnf7
214,Linus,Petche,LinusPetche,TcbwkGJi
215,Ruprecht,McCreery,RuprechtMcCreery,XHmgDOT
216,Janice,Scarisbrick,JaniceScarisbrick,XUxBUS
217,Haleigh,Chantree,HaleighChantree,RmmL2HiL6Hwu
218,Ediva,Vereker,EdivaVereker,zwOkopSLqgjk
219,Matias,Fodden,MatiasFodden,dOMqXd
220,Dani,Carnall,DaniCarnall,nRAktC46
221,Candra,Threlfall,CandraThrelfall,codHsUnGqW
222,Estell,Lashmore,EstellLashmore,InXsIzV6
223,Morganne,Fass,MorganneFass,i4IEfMSFJ
224,Sandie,Dowse,SandieDowse,KQOUjBM
225,Inness,Ingray,InnessIngray,siplPciA
226,Corilla,Giametti,CorillaGiametti,nv3wQB7
227,Alvy,Harler,AlvyHarler,NZo9sTH
228,Bentley,Gresley,BentleyGresley,DhYqvGx2OSSs
229,Kev,Skoyles,KevSkoyles,2q8ZsSj2I
230,Ginger,Elderton,GingerElderton,220co3C6dWB
231,Davina,Fedoronko,DavinaFedoronko,uq1qDJR
232,Caren,MacTague,CarenMacTague,jt94FtxOT
233,Gayle,Weild,GayleWeild,lbl1auTOmAP
234,Perren,Pes,PerrenPes,gEkPbHZg9
235,Remington,Paine,RemingtonPaine,IzxMKq
236,Sarge,Chasier,SargeChasier,773BaoT
237,Lynda,Prosek,LyndaProsek,n8DyzjiGLXo
238,Galina,Entwisle,GalinaEntwisle,nk6y7mR
239,Harmon,McTrusty,HarmonMcTrusty,vJFj3mAMph
240,Merrili,McConnell,MerriliMcConnell,FLHjRc
241,Luther,Young,LutherYoung,SP0EQj
242,Leonelle,Wakeham,LeonelleWakeham,xiGLYm77Gp
243,Mead,Beric,MeadBeric,v5FDWE8bP7
244,Marion,Mackinder,MarionMackinder,rq6CcqhAIRE
245,Ivory,Castana,IvoryCastana,sFT12C
246,Harvey,Ornelas,HarveyOrnelas,EGEWTc9aG
247,Tedra,Vaugham,TedraVaugham,mR3OCHs
248,Peta,Kingham,PetaKingham,TBwnX5lXQFx
249,Spense,Sealy,SpenseSealy,jp476k94e
250,Jessy,Umbers,JessyUmbers,v993PI
251,Guthry,Dunckley,GuthryDunckley,dRfw2N
252,Melissa,Ewen,MelissaEwen,tA9FXVqHAuxw
253,Tandi,Cherrett,TandiCherrett,ryhasaFiR298
254,Sophie,Dulwitch,SophieDulwitch,j2E0kb9f6Of
255,Iris,Phin,IrisPhin,MO3H6DCA
256,Dorice,Spafford,DoriceSpafford,YTehDVBq7
257,Brig,Fortnam,BrigFortnam,MmirJxekTbl
258,Sammy,Rubenfeld,SammyRubenfeld,rJqXvmwJH0q
259,Joellen,Aleveque,JoellenAleveque,F31j7md
260,Anna-diana,Healey,Anna-dianaHealey,LmyJsyp
261,Oliviero,Gatenby,OlivieroGatenby,6q1hpyjYaD
262,Marcia,Tomblin,MarciaTomblin,wtjwSquLPitK
263,Glenden,Mattea,GlendenMattea,g1uf10A9i
264,Kasper,Dewane,KasperDewane,ihaoyxFIOL
265,Demetri,Braffington,DemetriBraffington,K11pjzb
266,Gus,Gorgen,GusGorgen,7410boMe
267,Breanne,Radley,BreanneRadley,FMmTeIU5L
268,Minnaminnie,Wakeley,MinnaminnieWakeley,0wHkg5U3t
269,Nan,Crick,NanCrick,ulvdBo9OVer
270,Ariadne,Meron,AriadneMeron,ZNusY3NG
271,Killie,Fayerbrother,KillieFayerbrother,nOUkulUb
272,Salomo,De Lasci,SalomoDe Lasci,RaY936Yu9
273,Tedra,Spence,TedraSpence,ChzQOG
274,Nalani,Kennaway,NalaniKennaway,yfXbnIvJQj
275,Vivi,Pargiter,ViviPargiter,ss7hjMVQ0
276,Teresita,Le Marquis,TeresitaLe Marquis,nX0gNoQ3bUx
277,Carl,McEwen,CarlMcEwen,T5MhPsZsh4RC
278,Lorry,Geake,LorryGeake,y18o7dtxXDv
279,Olva,Loseby,OlvaLoseby,x1undec1BY
280,Brucie,Gahan,BrucieGahan,WwkdrHpobxrj
281,Lissi,Dubois,LissiDubois,UnbnOM4SDG8G
282,Pepito,Langeren,PepitoLangeren,4IDXlgiav0Q
283,Ingar,Singh,IngarSingh,Loyb2XYsyv
284,Putnem,Fossett,PutnemFossett,5O2MepxlA
285,Binni,Bartleet,BinniBartleet,jnMoRQ
286,Debby,Bysh,DebbyBysh,OfeTrfLmmYkG
287,Chip,Antoni,ChipAntoni,pS5vZIS
288,Prissie,Augustus,PrissieAugustus,rSOqDC6
289,Frank,Standidge,FrankStandidge,ykDJTdvO6O62
290,Loleta,Ribou,LoletaRibou,KarTbAon
291,Laurette,Donisi,LauretteDonisi,qwCpFDWGb8D
292,Nappie,Shark,NappieShark,ZA9F6sz0Q
293,Savina,Latch,SavinaLatch,Tp5XCbr
294,Shay,Serrels,ShaySerrels,F8ZCl155a
295,Opaline,Sansam,OpalineSansam,dlv9XP
296,Natassia,Jankiewicz,NatassiaJankiewicz,QWkT4KqpkVyk
297,Brigham,Manicom,BrighamManicom,9JTlVDcJL
298,Jacquetta,Astill,JacquettaAstill,lw4W9zUI7E
299,Selene,Linch,SeleneLinch,vPtPn5gN
300,Francesco,Hanaford,FrancescoHanaford,uSPr51n
301,Padraig,Stolle,PadraigStolle,f7DUamo490G
302,Misha,Blodgett,MishaBlodgett,smUUNQCqQ
303,Carlota,Burley,CarlotaBurley,aLae5vY
304,Franciskus,Shoulder,FranciskusShoulder,L46Wd5ILiFH
305,Herminia,Crix,HerminiaCrix,rA2L44ve
306,Robinette,Milne,RobinetteMilne,71ZyDwzQB
307,Fran,Segge,FranSegge,zziBzACk
308,Russell,Di Biagi,RussellDi Biagi,0Nsgl5HyODcs
309,Leoline,Goodey,LeolineGoodey,Tc9VeN9C4
310,Blondelle,Bamblett,BlondelleBamblett,mBYvEt
311,Mariam,McVeigh,MariamMcVeigh,lQfvVxvY
312,Flory,De Mitri,FloryDe Mitri,4mDG94
313,Westbrooke,Loader,WestbrookeLoader,jWGB3UKuf
314,Loni,Learmonth,LoniLearmonth,q5dWg88ak45b
315,Kevan,Labern,KevanLabern,AcZdswhBFGBh
316,Linn,Forkan,LinnForkan,lWeok5lDWS
317,Elianore,Juschka,ElianoreJuschka,SbfUNw6iXv
318,Cordi,Chipp,CordiChipp,AThu5e3U3Xil
319,Corene,Moxley,CoreneMoxley,xkDnoEytuRF
320,Rubia,Squibe,RubiaSquibe,VYHAufa
321,Kevon,Dunckley,KevonDunckley,CdhpUhQ
322,Allister,Delnevo,AllisterDelnevo,6pZsrs9
323,Wendy,Pridie,WendyPridie,xROEoWi
324,Laurens,Hunnawill,LaurensHunnawill,L5z2raYfb
325,Marcy,Spritt,MarcySpritt,yBtrprk9i20
326,Danyelle,Liepmann,DanyelleLiepmann,3cB8sV
327,Vincenz,Woodrooffe,VincenzWoodrooffe,8reaEzbMJ
328,Martino,Antcliff,MartinoAntcliff,CLqWIkz
329,Luce,Slatcher,LuceSlatcher,4NIeKMKkGtiu
330,Esma,Francesconi,EsmaFrancesconi,2sckpxkJq
331,Karilynn,Copcote,KarilynnCopcote,IJdzpFUb
332,Hugh,Gomby,HughGomby,7XQnHLO3b2
333,Harli,Mewitt,HarliMewitt,UDGpwqSmEU
334,Giorgio,Trevithick,GiorgioTrevithick,fymFgIVH
335,Rita,McKeggie,RitaMcKeggie,DUwyFLzAT
336,Martino,Boneham,MartinoBoneham,aJ3tw1i
337,Geri,Skeech,GeriSkeech,vJIaTtdb
338,Waylin,Hannan,WaylinHannan,ApM88vd7Dl
339,Loleta,Maevela,LoletaMaevela,rWJMo56Co
340,Renata,Rubinek,RenataRubinek,Qg4eDmyG
341,Onfre,Bauldrey,OnfreBauldrey,P5gh267
342,Cornelius,Bradnam,CorneliusBradnam,GCbQmskT
343,Hammad,Ladell,HammadLadell,Rhyulnr
344,Cindra,Picardo,CindraPicardo,5CDuEZbA
345,Pennie,Pietranek,PenniePietranek,zZro8kb
346,Domenico,Bartlet,DomenicoBartlet,7TUwNico7R7H
347,Cherish,Torregiani,CherishTorregiani,gQctCktI1y
348,Leena,Aylen,LeenaAylen,HieLi9z5IR
349,Avrit,Menhenitt,AvritMenhenitt,SkrKWfpNX
350,Samara,Piscopello,SamaraPiscopello,XDaNQebp
351,Ludwig,Myrkus,LudwigMyrkus,9GuQkUXr
352,Sigismondo,Acheson,SigismondoAcheson,vnILVLkCTj
353,Aldin,McGenn,AldinMcGenn,iahEjzVA
354,Barbi,Smees,BarbiSmees,jdEf47EquyIG
355,Herman,Yakubowicz,HermanYakubowicz,u22AUXLSdCd
356,Janet,Shayler,JanetShayler,Y18ZFNmB6
357,Cody,Doran,CodyDoran,QXUaEjN
358,Calvin,Branchflower,CalvinBranchflower,R8Ya60xFP7Yt
359,Clareta,Seeler,ClaretaSeeler,xmv6PDJp2Q5
360,Shaylynn,Benkin,ShaylynnBenkin,drkHJSKONYb
361,Sidoney,FitzGilbert,SidoneyFitzGilbert,ozXEnN2WfSY
362,Dolley,Mabson,DolleyMabson,eoPYUVRUVS2
363,Elberta,Shucksmith,ElbertaShucksmith,TIZgz0zWZUz
364,Chiquia,Mulholland,ChiquiaMulholland,nCnbF64q
365,Gustav,Caldroni,GustavCaldroni,eLGdxjg5ZS
366,Odell,Tulk,OdellTulk,HuS6NK
367,Dina,Jinkinson,DinaJinkinson,dWcMsViULD6
368,Lief,Swatridge,LiefSwatridge,TKOylLVx
369,Nadeen,Piff,NadeenPiff,DP81vlIr0QFm
370,Isidro,Barnshaw,IsidroBarnshaw,3YETRRE
371,Derek,Tower,DerekTower,ryQcIGinfM
372,Krysta,Kinsey,KrystaKinsey,5C9kqYcEg8
373,Netti,Adin,NettiAdin,Jfg29jzGk8
374,Devi,Bonnick,DeviBonnick,s2QTcTu
375,Rebeca,Loble,RebecaLoble,TSNSb429bhJ8
376,Hodge,Thomton,HodgeThomton,EluDJq
377,Ivory,Molines,IvoryMolines,dzPeRL9zG
378,Brucie,Blaza,BrucieBlaza,H24jDNma7
379,Deny,Diamant,DenyDiamant,NAwzfrFQhr
380,Lalo,Zuann,LaloZuann,kvH51c0cS
381,Grata,Chafer,GrataChafer,pm5VDA
382,Morgen,Brunke,MorgenBrunke,EtucSC0Pb
383,Hanni,Ewbanks,HanniEwbanks,0IkoYvW
384,Orson,Cradoc,OrsonCradoc,u22337BvAqf
385,Rorie,Battany,RorieBattany,3rTLlBJlpM7
386,Meriel,McConnulty,MerielMcConnulty,aOZPMi0
387,Ritchie,Look,RitchieLook,b3xeEbyF
388,Salim,Runcie,SalimRuncie,l9cpIFUlgIIl
389,Matthus,Kundt,MatthusKundt,rFBm4F
390,Christan,Gloucester,ChristanGloucester,9DCfZFrp2wD
391,Dane,Cornilleau,DaneCornilleau,U56UtAhHDVS
392,Anne,Lawes,AnneLawes,HXzRpka3wDo8
393,Sondra,Glauber,SondraGlauber,I2Ar0L6iytpj
394,Pauly,Jorissen,PaulyJorissen,wVYdX4SoS
395,Bari,Dayne,BariDayne,PoKUjvxUEq
396,Cale,Gurr,CaleGurr,hGedDyHvEo
397,Godard,Quipp,GodardQuipp,v1EvaJ
398,Myriam,Shoebotham,MyriamShoebotham,f6b182DFU
399,Annette,Rentelll,AnnetteRentelll,nn7UgPm
400,Leilah,Ortsmann,LeilahOrtsmann,7ZW3E1fU
401,Dick,Audiss,DickAudiss,HUFkiK36Yya
402,Juditha,Shalloe,JudithaShalloe,3EgxuoXsHHu
403,Aurilia,Yokel,AuriliaYokel,XE5lVHVp9
404,Even,Grimsdyke,EvenGrimsdyke,7KMUayC4Je5
405,Pavia,Bear,PaviaBear,96rl1fB
406,Sansone,Krug,SansoneKrug,0Rea0jEVH
407,Laney,Atkyns,LaneyAtkyns,zwr1aSZb4oRC
408,Mandel,Basterfield,MandelBasterfield,pg96ugU
409,Candis,Domm,CandisDomm,jElDkhrclykk
410,Ambur,Keeting,AmburKeeting,bZDz3pM
411,Gay,Winfindine,GayWinfindine,jZuSGUax
412,Timmi,Lill,TimmiLill,BzvPYdl
413,Liza,Gerhts,LizaGerhts,PLEzujBhRV
414,Jeannie,Maccrae,JeannieMaccrae,ZbfxjszpbMOT
415,Goldina,Hernik,GoldinaHernik,IuQKTPNK3
416,Laurella,Lievesley,LaurellaLievesley,bqKExPO5
417,Leigha,Foch,LeighaFoch,JdES1xIpACT
418,Nerissa,Hailwood,NerissaHailwood,AebylZTZ52u
419,Arvy,Hodgon,ArvyHodgon,Da5H9AD
420,Sula,Hayball,SulaHayball,dzPyfsMH
421,Desiree,Torri,DesireeTorri,urCVDOzu3ey
422,Gearard,Toppas,GearardToppas,baDcUG6CcHzf
423,Cara,Gerkens,CaraGerkens,qEnZlA6w
424,Yalonda,Revening,YalondaRevening,VPZgdJoMZeu
425,Almeta,Bernhard,AlmetaBernhard,yv82KwkKFL
426,Blanch,McComish,BlanchMcComish,EozTL5gRb3
427,Moise,de Voiels,Moisede Voiels,d6fkevFf
428,Johann,d'Escoffier,Johannd'Escoffier,iDCEiAYx
429,Eldridge,Currey,EldridgeCurrey,4nyikR20
430,Catlin,Frodsam,CatlinFrodsam,zHWD2pHjwf
431,Alexina,Lawlor,AlexinaLawlor,5VAstd
432,Gianina,Yantsurev,GianinaYantsurev,12BrQ4KvVi
433,Aurea,Pavic,AureaPavic,PslH5KNem7J
434,Elli,Lindl,ElliLindl,2nbuazGUNpG
435,Gisella,Phillps,GisellaPhillps,r1tCG5Jogc6Z
436,Riannon,Duprey,RiannonDuprey,D6K1szSM
437,Mariel,Scrannage,MarielScrannage,vslHGogCMg5B
438,Petronella,Dudderidge,PetronellaDudderidge,v8OHCrzcYH
439,Valentia,Giscken,ValentiaGiscken,uikKYfs
440,Olivero,McRorie,OliveroMcRorie,g9CNHpjOZW
441,Tiffie,Philbin,TiffiePhilbin,OasYO4Pbqb
442,Travers,Sweet,TraversSweet,y4uKoib3z
443,Andrew,Theodoris,AndrewTheodoris,zXTZZWV2VwB
444,Cori,Liddicoat,CoriLiddicoat,xt4PZsM
445,Hildy,Henrot,HildyHenrot,2zmD74Q6h
446,Deloria,Deely,DeloriaDeely,ljY1dlH4A
447,Gabby,Stallion,GabbyStallion,4ajISQ
448,Ashby,Scarisbrick,AshbyScarisbrick,t5bhLPfyf
449,Analiese,Galler,AnalieseGaller,6sCOSUDQ3
450,Midge,Christofor,MidgeChristofor,kxz9kNURSC8
451,Larry,Behnke,LarryBehnke,lK8doJBgbhe6
452,Hailee,Kadd,HaileeKadd,HGygRUWnB
453,Birgit,Mitton,BirgitMitton,KNBNDqvd
454,Paquito,Ebhardt,PaquitoEbhardt,yP3LiRIzejM
455,Fabien,Whyteman,FabienWhyteman,WzEyDmi
456,Sybilla,Awmack,SybillaAwmack,qtFVIuIOx
457,Danella,Hugonnet,DanellaHugonnet,XSEIIM1Sf
458,Joana,Havik,JoanaHavik,RRK9OOq
459,Nicol,Pitkethly,NicolPitkethly,4jZLp4
460,Orazio,Danson,OrazioDanson,0SvYfmMa
461,Nataline,Hawker,NatalineHawker,Jc4ACmGp
462,Jefferson,Skipsea,JeffersonSkipsea,QgfRiHRD
463,Camellia,Kelling,CamelliaKelling,TQSQwCtl8xHw
464,Townsend,Frame,TownsendFrame,3jxQes
465,Porty,Rahlof,PortyRahlof,3duXlw
466,Tonya,Baguley,TonyaBaguley,Uous5VQo
467,Karee,Fearon,KareeFearon,Fi6HbKw
468,Kyle,Abrashkin,KyleAbrashkin,2XP21ysO
469,Dael,Reignould,DaelReignould,N2dKwkTh4lPt
470,Arv,Flawn,ArvFlawn,bzkWTS1C
471,Kenna,Joannidi,KennaJoannidi,y7IU5H9J
472,Vittoria,Sweed,VittoriaSweed,0wzSwxWIw6U
473,Darsie,Northam,DarsieNortham,bJAj9jbu
474,Carmelina,Lombard,CarmelinaLombard,nL9dFY
475,Niko,Yerlett,NikoYerlett,5uphZoA7
476,Lesli,Crickmer,LesliCrickmer,bRLHDu
477,Ebeneser,Siveter,EbeneserSiveter,4KkUD1ws77
478,Fawnia,Menichini,FawniaMenichini,UGwhBQ4f3
479,Lindie,Wincom,LindieWincom,IT40XS
480,Garret,Skeech,GarretSkeech,VzxkKC
481,Camille,Stickles,CamilleStickles,wE6pAbD3Px
482,Zacharia,Goaks,ZachariaGoaks,WgBOttrc8cM
483,Lela,Mecozzi,LelaMecozzi,GaKjDS7scNwJ
484,Waylan,Luscott,WaylanLuscott,xpfEDUK
485,Noam,Hehl,NoamHehl,XVMfMvZ
486,Heddie,Croke,HeddieCroke,UE5OdUDpWXWk
487,Elyn,Flight,ElynFlight,erruUfHtoHXk
488,Merwyn,Jobbing,MerwynJobbing,tsb72w
489,Stu,Knights,StuKnights,yJ0CmSD7MMb
490,Loleta,Chaize,LoletaChaize,xK9Cjh4rhb
491,Justus,Bazely,JustusBazely,1T1jU4y
492,Hamish,Thrush,HamishThrush,lWBJEJCmuQ
493,Irv,Swinfon,IrvSwinfon,1oVq3f8zyD
494,Chiarra,Gerrett,ChiarraGerrett,eQhmgo
495,Kevina,Bradock,KevinaBradock,sR2mEL
496,Kevin,Bennedsen,KevinBennedsen,VSroRD
497,Petronille,Baudry,PetronilleBaudry,MtxgqitwWwu3
498,Cindie,Shewen,CindieShewen,urFANzHNZM6
499,Dulci,Cinelli,DulciCinelli,wIr9xq
500,Olag,Batchelour,OlagBatchelour,AlA8qH4mH
501,Pip,Bevis,PipBevis,JY5RdNFTYZEL
502,Carey,Oiller,CareyOiller,lYu5rvEuO8r
503,Danna,Gard,DannaGard,QS2XDt
504,Chancey,Dranfield,ChanceyDranfield,CgBHvSxO
505,Horace,Kryszka,HoraceKryszka,wgOjv9t
506,Jayme,Wedderburn,JaymeWedderburn,JKD2Eni
507,Farand,Downer,FarandDowner,HCbcROlV
508,Tatiana,Zoellner,TatianaZoellner,ML7QNlB1OmK
509,Jada,Tourne,JadaTourne,cjhxj8
510,Sheff,Old,SheffOld,gQRKIWe
511,Jacquenetta,Outright,JacquenettaOutright,YtjBRP4M4kf4
512,Devlin,Ousley,DevlinOusley,rXy4yJSIT
513,Muffin,Burtonwood,MuffinBurtonwood,gakmaK
514,Eben,Pile,EbenPile,x3BPBE
515,Gerry,Nevinson,GerryNevinson,YA3LBAhvyNQ2
516,Reamonn,Duffett,ReamonnDuffett,4MCy13
517,Irina,Attoe,IrinaAttoe,4q7Gzp8N
518,Brody,Bizzey,BrodyBizzey,5wISUUfkLI
519,Hedwig,Bodle,HedwigBodle,Fufhu8d
520,Cody,Popley,CodyPopley,cWhciddgOldz
521,Richart,Duhig,RichartDuhig,4I56A6E2
522,Immanuel,Puckey,ImmanuelPuckey,LoVdQw
523,Clark,Engley,ClarkEngley,aP5mOXHa6
524,Matthias,Osburn,MatthiasOsburn,5eaHhD
525,Wernher,Farley,WernherFarley,tgtK2oGhrCcp
526,Veronica,Cordeix,VeronicaCordeix,YTTFV6uecNv
527,Maiga,Witson,MaigaWitson,yEBvvi
528,Jessi,McFetrich,JessiMcFetrich,fmHYlyY0jB
529,Erv,Drummer,ErvDrummer,TYOcxT4ro
530,Roslyn,Begwell,RoslynBegwell,pCUsys
531,Marshall,Plackstone,MarshallPlackstone,ulJb7OkENn
532,Amitie,Bartram,AmitieBartram,Hb2hJ9KnsNCB
533,Lacee,Millichip,LaceeMillichip,TOLMPK7t
534,Abigale,Hallstone,AbigaleHallstone,aDT8fYVB6oJE
535,Saraann,Bakey,SaraannBakey,h4txJFAO0WcK
536,Melesa,MacGillivrie,MelesaMacGillivrie,C8U3VFTZ
537,Vernon,Gregg,VernonGregg,aO8PLyC4V
538,Cullen,Belcham,CullenBelcham,4eVoZsScmoe3
539,Mic,Scroxton,MicScroxton,9tfKeA1eFz
540,Meredithe,Rathke,MereditheRathke,wMDZWS
541,Esra,Lamberts,EsraLamberts,vqRtA2XU
542,Ado,Robshaw,AdoRobshaw,ZcOjmWC
543,Leanora,Taylerson,LeanoraTaylerson,8tio7Uuyz
544,Tedi,Asals,TediAsals,IEsauVRZ33GR
545,Donny,Semrad,DonnySemrad,aHInLGIcP3P
546,Kahaleel,Sickamore,KahaleelSickamore,t8x90fcE
547,Abraham,Chittem,AbrahamChittem,jl7hCa
548,Hieronymus,Djakovic,HieronymusDjakovic,3Hf9sTlpv9
549,Ring,Brugden,RingBrugden,CVrIe3q
550,Rosemarie,Fernier,RosemarieFernier,3ayYLxwdNRD
551,Sheeree,Halesworth,SheereeHalesworth,KYtVhv
552,Durant,Ferebee,DurantFerebee,hSR6OQ7kLSs9
553,Patrick,Ivan,PatrickIvan,ynbtMO9paf
554,Dav,Work,DavWork,4K9Wud9Z
555,Catha,Strattan,CathaStrattan,chUAici41Z
556,Annaliese,Beynke,AnnalieseBeynke,FBUswiHZ
557,Burtie,Kinforth,BurtieKinforth,KdsZAYWynz
558,Teresina,Ferrers,TeresinaFerrers,mlEDPBB5
559,Byrom,Chaplin,ByromChaplin,7TFuoLb3c6
560,Lock,McNeely,LockMcNeely,9Am3vQun
561,Terza,Ellsbury,TerzaEllsbury,53XZxa
562,Ivett,MacPherson,IvettMacPherson,XqlQH20
563,Eldridge,Rorke,EldridgeRorke,CWQKgQM
564,Edithe,Ellar,EditheEllar,hVesy4
565,Cindy,McQuaker,CindyMcQuaker,gCEnwe2p
566,Roselle,Fielding,RoselleFielding,fY7BlL1wMb
567,Thatch,Balling,ThatchBalling,EYoFatd68yb3
568,Bobbi,Castlake,BobbiCastlake,zUXWSIsTk
569,Wylie,Athersmith,WylieAthersmith,qk2wHPHQ6k
570,Valentino,Hastie,ValentinoHastie,3SlaJUNSR
571,Aile,Gail,AileGail,T5pRLArO3
572,Rip,Littell,RipLittell,mmwt0zLPRTwq
573,Delmar,Kurtis,DelmarKurtis,ivcAOeKK
574,Ddene,Mathely,DdeneMathely,L9qeIJ2V
575,Ezra,Bernucci,EzraBernucci,4EGaydhi2jx
576,Maressa,Stitcher,MaressaStitcher,ROCaVSzt1PA0
577,Camel,Sharply,CamelSharply,k5AHH4f
578,Milo,Lotte,MiloLotte,IhsJ9KDPx
579,Leela,Sayward,LeelaSayward,xMQKXOdYLop
580,Ettore,Doughton,EttoreDoughton,uyphVoDTRxv
581,Lelia,Flancinbaum,LeliaFlancinbaum,wQugsZV1BCP
582,Cahra,Brook,CahraBrook,aMUrf8
583,Justinn,Podmore,JustinnPodmore,itjDY9J
584,Alfie,Sulman,AlfieSulman,lQotvFEoARE
585,Tandi,Cossentine,TandiCossentine,OqjFtzuqC4BA
586,Gwennie,Lappin,GwennieLappin,ezMBBv6VZNZ
587,Greer,Lindenblatt,GreerLindenblatt,IN6Iaf
588,Nealon,Gask,NealonGask,tYQqSY
589,Heloise,Toffaloni,HeloiseToffaloni,w2ybXDROOz
590,Dalila,Hanner,DalilaHanner,Q76f3hL0
591,Tani,Brimley,TaniBrimley,GcO5WEUZgKKs
592,Berri,Zanolli,BerriZanolli,quXhf6d
593,Guendolen,Rimes,GuendolenRimes,lnLks9S09
594,Brocky,Blazy,BrockyBlazy,1LChN5YPcx7
595,Monah,Dulton,MonahDulton,5Zti3H7
596,Nanny,Humbee,NannyHumbee,RBoJqeFRLPes
597,Alfred,Witham,AlfredWitham,UHCf9wWcLlZz
598,Natty,Risson,NattyRisson,nOw5rSzgjmVu
599,Kizzee,Shaughnessy,KizzeeShaughnessy,GkXrPVJWpi
600,Moreen,Breitler,MoreenBreitler,zO4Dzw6B
601,Lane,Endacott,LaneEndacott,cQDr8SRB
602,Johannes,Rowney,JohannesRowney,fwWV3n4
603,Garnet,Sketch,GarnetSketch,rWQOlK
604,See,Melhuish,SeeMelhuish,dKDaLbHEO1wq
605,Royall,Jannaway,RoyallJannaway,Zmdrcm3
606,Warner,Jordine,WarnerJordine,b5xkxy1onj
607,Wolfy,Petrello,WolfyPetrello,N2iLAJEN
608,Celka,Hamsson,CelkaHamsson,4pNWNQUOH
609,Prue,Caskey,PrueCaskey,6GePQucCW
610,Donnajean,Stovold,DonnajeanStovold,RSh1OcHM6s
611,Faun,Ketchaside,FaunKetchaside,cIpdZh1pCF
612,Wendeline,Tremollet,WendelineTremollet,28NTOu
613,Velvet,Polle,VelvetPolle,3IzRC31s5mY
614,Danny,Claxton,DannyClaxton,5Gcbkq3a4d
615,Ruttger,Muckleston,RuttgerMuckleston,zbM8px
616,Alicea,Halsted,AliceaHalsted,H2lXm7
617,Doroteya,Culp,DoroteyaCulp,qAJaIvHEh
618,Thorny,Hinkens,ThornyHinkens,Ayw36fP
619,Datha,Saxon,DathaSaxon,6KJg1hUw
620,Charissa,Wingeatt,CharissaWingeatt,Q1ln6NmyC
621,Damon,Kirwan,DamonKirwan,ChneLYrF
622,Waldemar,Meneo,WaldemarMeneo,8ZQHvYz
623,Ezmeralda,Harp,EzmeraldaHarp,LALXEVuMFkTI
624,Gisela,Sandwich,GiselaSandwich,md0udN
625,Willey,McDoual,WilleyMcDoual,WsTmc3pgxx
626,Catlaina,Rodgman,CatlainaRodgman,RYli0fxO
627,Hollis,Aireton,HollisAireton,9ktcMTt
628,Arleen,Joskovitch,ArleenJoskovitch,yLNT4Z8y5k
629,Adrianne,O'Luney,AdrianneO'Luney,YDn2gq1
630,Conney,Rubinlicht,ConneyRubinlicht,GAG2ebJu
631,Susann,Houltham,SusannHoultham,JEG6Qko5zY7h
632,Randolph,Golbourn,RandolphGolbourn,2FuXeB
633,Glendon,Hugonneau,GlendonHugonneau,xvm56K5
634,Ulrica,O'Malley,UlricaO'Malley,OleG63
635,Alexandros,Bottrell,AlexandrosBottrell,6loPcW1Nncj
636,Hartwell,Blezard,HartwellBlezard,XMIFZZSy
637,Lou,Coley,LouColey,7iAkKGx52f
638,Melony,Pietasch,MelonyPietasch,Rf57IrHgo0y
639,Amil,D'Errico,AmilD'Errico,knTUFD
640,Kelli,Keirl,KelliKeirl,bUDEvM9hlqlP
641,Leonora,Kacheller,LeonoraKacheller,u78RVkSe3N1j
642,Rob,Lissandrini,RobLissandrini,FR16Srg9Rur0
643,Eba,Cornilleau,EbaCornilleau,nU9C4G
644,Ware,Davidde,WareDavidde,NehuMKFT79Z
645,Jannelle,Ardron,JannelleArdron,sdXxLx
646,Felic,Greeveson,FelicGreeveson,SSrpJKp9BjN
647,Jon,Orpin,JonOrpin,8ZO6VQ3
648,Diahann,Falvey,DiahannFalvey,TmMvcW21y
649,Lib,Gaskins,LibGaskins,zKR4wLS2AW3K
650,Liva,Maylard,LivaMaylard,SbOv53
651,Perkin,Lowers,PerkinLowers,lvlAV9TgINS
652,Othella,Laffoley-Lane,OthellaLaffoley-Lane,1URf6AYQxW0d
653,Jarrid,Kneath,JarridKneath,IFbwBf
654,Bevon,De Gouy,BevonDe Gouy,MapDjorMQgdc
655,Thorndike,Darco,ThorndikeDarco,EF8ocsmE9
656,Rosie,Haughey,RosieHaughey,N597cOWec
657,Joyce,Road,JoyceRoad,nxGuvUYa74R
658,Gerry,Hockey,GerryHockey,M57Sdprx
659,Kacey,Darco,KaceyDarco,GctSTe7P
660,Hedi,Saffrin,HediSaffrin,0U71YHZ
661,Thatcher,Whereat,ThatcherWhereat,f3rAkzH0G0s
662,Anthia,Noon,AnthiaNoon,h3pDWEYu
663,Zebedee,Tax,ZebedeeTax,zpl84nXx
664,Natalie,Bernard,NatalieBernard,snuWxCFx
665,Evaleen,Rabat,EvaleenRabat,JDM86EtICJ
666,Mattie,Drewet,MattieDrewet,q27VGOjosp
667,Michail,Billett,MichailBillett,HESrJQ4TA
668,Trula,Beazley,TrulaBeazley,Hf05xflq5B
669,Karney,Polye,KarneyPolye,79tU9Q
670,Cecelia,Kitchin,CeceliaKitchin,xq7SQT
671,Nonna,Harmar,NonnaHarmar,opaYwLGFuZ
672,Novelia,Ratke,NoveliaRatke,KDEvvFrHbM
673,Linell,Authers,LinellAuthers,5jn4o2w7x
674,Zsazsa,Leask,ZsazsaLeask,y5Ku5fRoA5R3
675,Benedicta,Spatarul,BenedictaSpatarul,KLuGeJy
676,Cyrill,Maddaford,CyrillMaddaford,qqHqo7
677,Sharla,Robart,SharlaRobart,a8eDx8wk2JVs
678,Howard,Winterton,HowardWinterton,KolCWjXiu
679,Trumaine,Fassan,TrumaineFassan,kvZ3xANoHeed
680,Erin,deKnevet,ErindeKnevet,xGab9X
681,Ulises,Lutz,UlisesLutz,ZDOmTPxd
682,Omar,Riepl,OmarRiepl,MO1vlN
683,Margarethe,Kippling,MargaretheKippling,yFm7cIS
684,Hilliard,Castella,HilliardCastella,IuW1NiyGZwwJ
685,Modestia,Mennear,ModestiaMennear,NEnAz6a
686,Adriane,Bamsey,AdrianeBamsey,z5yNWYBhc
687,Derrick,Auton,DerrickAuton,PiUGq6OhXjJ
688,Haskell,Castillon,HaskellCastillon,0IgKAk
689,Sibby,Fortescue,SibbyFortescue,Cd1So8A
690,Ambur,Matasov,AmburMatasov,smU4LbYfyovO
691,Fidelio,Kabsch,FidelioKabsch,UKM17E5Irahj
692,Jodie,Brazur,JodieBrazur,JpoNVu
693,Bobbette,Tolemache,BobbetteTolemache,bW8fQWYSTc
694,Papageno,Castellanos,PapagenoCastellanos,nDi5JnrnX
695,Olivia,Bruhnsen,OliviaBruhnsen,VeMWImmk
696,Radcliffe,Paradis,RadcliffeParadis,rQ5m15zb
697,Tiler,Cooling,TilerCooling,Us99BUv
698,Eloisa,Ollett,EloisaOllett,NYy9N2GNonl
699,Myrvyn,Doale,MyrvynDoale,IaVp4VR
700,Gayle,Sambath,GayleSambath,t5xg0tPmV
701,Briano,Chell,BrianoChell,V1H57xgXUPqs
702,Evey,Polden,EveyPolden,BxQvnIpg9tsK
703,Odelle,Bromet,OdelleBromet,A8PutdIlwo2B
704,Chanda,Gawith,ChandaGawith,TEi63IiiPvBi
705,Trudey,Probart,TrudeyProbart,Zzjnqtq
706,Raimund,Gounet,RaimundGounet,Rax9P9VrO
707,Jory,Mustill,JoryMustill,BWggoUSXcv
708,Christi,Bennell,ChristiBennell,94skw5FZlrCx
709,Gael,Kline,GaelKline,Y7Qzy1
710,Etty,Rosentholer,EttyRosentholer,DBr4Ce2T
711,Eolande,Loeber,EolandeLoeber,Qt92Z7pVTK
712,Thomasin,Grumley,ThomasinGrumley,UpGFKWxGj
713,Callean,Pavic,CalleanPavic,qWqGgZtR8
714,Vanessa,Barkes,VanessaBarkes,CbPIZBEea
715,Ann,Finey,AnnFiney,ZrI6Q3D
716,Vonny,Ennew,VonnyEnnew,TYV2KzY
717,Shawna,Clipson,ShawnaClipson,8VaulqSbY8q4
718,Samara,Ingry,SamaraIngry,rXSvrm
719,Ally,Hoodless,AllyHoodless,O4pxiBhL
720,Kevin,Pattlel,KevinPattlel,PyeOq18pea
721,Kelcie,Pumphreys,KelciePumphreys,D95gxjB
722,Chrystal,Petrasch,ChrystalPetrasch,pn3LhYWEaeF7
723,Mandie,Suter,MandieSuter,gKo71GC
724,Kelvin,Donizeau,KelvinDonizeau,TcYqLrt0l7Ht
725,Layne,Cudbertson,LayneCudbertson,W598Tx
726,Jobyna,Degue,JobynaDegue,NKvCjXXMjT
727,Phaedra,Goodfellowe,PhaedraGoodfellowe,KxN6gLe7j
728,Pincus,Pointon,PincusPointon,sYc1gY1kCah
729,Tommi,Inkpen,TommiInkpen,Lyq65sRehI
730,Alameda,Blomfield,AlamedaBlomfield,noYkEDe
731,Gloriane,Kynoch,GlorianeKynoch,oWq29E6O
732,Jasmina,Youell,JasminaYouell,yesQgF
733,Lenna,Twaits,LennaTwaits,GBLwCBo66Ly
734,Jennee,Jarrard,JenneeJarrard,lcSwP0PH
735,Vanni,Canet,VanniCanet,F7OY22jPpF6
736,Keven,Orvis,KevenOrvis,mAjYwlEDLAql
737,Hoyt,Bream,HoytBream,XB25EpmkO
738,Sadie,McWhan,SadieMcWhan,kBKsl2Lf
739,Sharon,Corkish,SharonCorkish,h1yzXdA1
740,Joyce,Antill,JoyceAntill,GADPd2cjFrn
741,Brit,Shrubshall,BritShrubshall,z9TP008srVH
742,Turner,Ruddock,TurnerRuddock,l7izbJG8YfW
743,Leese,Dudgeon,LeeseDudgeon,kSpHox
744,Alvera,Toop,AlveraToop,4aJnJSdzR
745,Terrie,Radoux,TerrieRadoux,kQCe4B0
746,Pebrook,Pherps,PebrookPherps,fLT3A82SI
747,Arlie,Sarjeant,ArlieSarjeant,eSgaVDSovtW
748,Roselle,Croll,RoselleCroll,DMMk1L8yd
749,Arron,Margach,ArronMargach,PlACnFtP
750,Ianthe,Delouch,IantheDelouch,JUCqQKp8iu
751,Meggie,Hugland,MeggieHugland,YCccnhjEeK
752,Garey,Newsome,GareyNewsome,jaPyTJ1KGM
753,Pam,Cuvley,PamCuvley,P5vrVuzoNHV8
754,Daron,Clissold,DaronClissold,uhQuSP
755,Chrissy,Gritsaev,ChrissyGritsaev,wrsiRpb
756,Aurore,Trussler,AuroreTrussler,i6NBU371FREC
757,Joyce,Skoggins,JoyceSkoggins,377qka
758,Cord,Warrior,CordWarrior,n2BJVJa
759,Chadd,Hawkings,ChaddHawkings,tLJLDDo
760,Zorana,Croal,ZoranaCroal,vjruQI
761,Rollin,Bonehill,RollinBonehill,Eqz7YnWi7y
762,Nat,Rupke,NatRupke,EXRwdqU
763,Gustavo,Grisedale,GustavoGrisedale,Initj2MMg
764,Stevy,Hewins,StevyHewins,DN5Obr70dSn
765,Maddalena,Trelevan,MaddalenaTrelevan,d7XqSFMpFpy
766,Moina,Haseley,MoinaHaseley,9vDaDvDACR
767,Robbert,Broggetti,RobbertBroggetti,9EUUW9
768,Bjorn,Volker,BjornVolker,wQtsHe
769,Leicester,Halms,LeicesterHalms,gqNIlWOiI
770,Giustino,MacFadin,GiustinoMacFadin,7RCfbr62a
771,Luca,Deble,LucaDeble,joP5e7TQZE2J
772,Krisha,Stobbs,KrishaStobbs,buTEJDpoWxD
773,Barbabas,Westbrook,BarbabasWestbrook,Zmrqtl49qA
774,Rolando,Gallacher,RolandoGallacher,OwrfxN
775,Neils,Baalham,NeilsBaalham,sShaANjcZVeV
776,Eudora,Dansey,EudoraDansey,TL1H3zkGIBwC
777,Andonis,Courteney,AndonisCourteney,XMuI34CE
778,Wilie,Valentinetti,WilieValentinetti,vOHgq0f7z
779,Layla,Venour,LaylaVenour,WLJnCA6YfWO
780,Laurella,Girkin,LaurellaGirkin,ASvN7BX147
781,Karly,Sneath,KarlySneath,8nhpswM
782,Cullan,Scawen,CullanScawen,CxgnhJdR7
783,Archibald,Abramowitz,ArchibaldAbramowitz,wDftY89rUVhe
784,Gav,Patinkin,GavPatinkin,7dWUXQc
785,Justen,MacRury,JustenMacRury,Q8726iaO
786,Farand,Kohring,FarandKohring,3U0RiIx
787,Darby,Kerrich,DarbyKerrich,rfVQza
788,Gerardo,Cawsby,GerardoCawsby,W6QxrzaDA
789,Amandy,Dudin,AmandyDudin,Hna6sKALUMMW
790,Gabi,Wyson,GabiWyson,GjMPkQ
791,Guenevere,Skaife,GuenevereSkaife,pTcRL7M7D
792,Emma,Rowat,EmmaRowat,d02htDARS
793,Doretta,Humbatch,DorettaHumbatch,YqafBBhuG5
794,Lewiss,Rough,LewissRough,pa4bG0VRo
795,Zorine,Sparkwell,ZorineSparkwell,n12uJW07
796,Lorita,Stading,LoritaStading,PU28rgp4A3
797,Dewie,Haill,DewieHaill,laLsAFbK7Qjb
798,Kylila,Betz,KylilaBetz,nmmbJsh0wn
799,Ilsa,Causby,IlsaCausby,CD2fj3zMVp
800,Cullin,Biagini,CullinBiagini,NEvh9u36iT8
801,Baxie,Benedettini,BaxieBenedettini,7YE2rB
802,Nealon,Duckering,NealonDuckering,xrxflz7rfI
803,Konstance,Britzius,KonstanceBritzius,gflL5H1WGG
804,Charleen,Barnwell,CharleenBarnwell,HWsNqxz
805,Dierdre,Nuzzetti,DierdreNuzzetti,puD23UXr
806,Fonz,Orrobin,FonzOrrobin,Nd20bjDcs
807,Madlen,Koenen,MadlenKoenen,dSE3eXoO8jv
808,Edward,Hansley,EdwardHansley,G1INzNqhy
809,Bary,Berntssen,BaryBerntssen,DaDi4CvqSB
810,Peta,Latey,PetaLatey,ShjoOfSjC
811,Carroll,Kelleher,CarrollKelleher,1qBT0zt9FtgG
812,Johnna,Rouse,JohnnaRouse,1fHSEP7qEXK
813,Nolly,Lideard,NollyLideard,QpGkTLyf
814,Wallie,Kohnen,WallieKohnen,i15DnJqhc
815,Elisa,Ciccottini,ElisaCiccottini,AX2kN9mZEe
816,Hans,Lidbetter,HansLidbetter,nfMuQeo
817,Gabbie,Turnell,GabbieTurnell,H01An4lHkga
818,Linda,Playdon,LindaPlaydon,vcUws1
819,Ryley,Foulstone,RyleyFoulstone,lhBJEChQobXp
820,Eadmund,Connow,EadmundConnow,WWc4G6
821,Alisander,Strand,AlisanderStrand,j0Ft4EwgUaeY
822,Baron,Trustrie,BaronTrustrie,cEbLRdVA
823,Dinny,Leggott,DinnyLeggott,GU6L9Jg8fZBd
824,Renault,Lorain,RenaultLorain,nxUlB9
825,Arlee,Bridgnell,ArleeBridgnell,w0XqWTtL
826,Tonia,Bau,ToniaBau,60QMaf
827,Theobald,Grigorio,TheobaldGrigorio,Kga8NERA
828,Lou,Trengrove,LouTrengrove,pyJdcDM
829,Aliza,Wigzell,AlizaWigzell,CHeOIWuu8iXk
830,Bancroft,Balcon,BancroftBalcon,ev3Z793w
831,Mattheus,Yoselevitch,MattheusYoselevitch,fcWfrSuT
832,Linda,Kaspar,LindaKaspar,cnngFO
833,Carita,Geffcock,CaritaGeffcock,hye9JO1
834,Rozamond,Androletti,RozamondAndroletti,BxvMNqHyMV
835,Caren,Ridge,CarenRidge,HJDzEICqSJ
836,Ashlen,Allpress,AshlenAllpress,ebBD40JnYQ
837,Constancy,Flury,ConstancyFlury,hIFOX9EU2qwY
838,Donavon,Piggen,DonavonPiggen,neCkDraPccAD
839,Cornelia,Egginton,CorneliaEgginton,vyCYB9gj5Bmm
840,Lorens,Dewes,LorensDewes,xMB3GQ
841,Alvis,Matthew,AlvisMatthew,nDMQjv
842,Carlene,Muge,CarleneMuge,K6BEXf3
843,Forrest,Readshaw,ForrestReadshaw,ks7G3IZOCP
844,Morey,Birnie,MoreyBirnie,4d7v4Fg5Z1jF
845,Debora,Treneman,DeboraTreneman,ghrft7
846,Wilburt,Babon,WilburtBabon,TdifMjVrdx
847,Jackson,Beverage,JacksonBeverage,86LCyfc
848,Nichole,Backson,NicholeBackson,r52YQ0VP
849,Patricio,Smallshaw,PatricioSmallshaw,V7Mfhqee
850,Emelita,Cochet,EmelitaCochet,CsbJe2Iby
851,Isaak,McMorran,IsaakMcMorran,rbYg3M
852,Ric,Milburne,RicMilburne,JxOV7xRkB2
853,Marsha,Guild,MarshaGuild,9aTSdN
854,Burt,Wing,BurtWing,eE2B9Qt
855,Tally,Almak,TallyAlmak,eaPq5a
856,Jaime,Sleeford,JaimeSleeford,4aAopvUj
857,Joella,McCollum,JoellaMcCollum,kLaE24evJ
858,Eba,Serjeant,EbaSerjeant,OcdPzLd
859,Keeley,Yellowley,KeeleyYellowley,f7V9zAGzw
860,Jaquenetta,Cordey,JaquenettaCordey,neUJFkYE
861,Eachelle,Hallt,EachelleHallt,BJ100T9M
862,Zorana,Sneddon,ZoranaSneddon,bNiKO4hu
863,Izabel,MacNeice,IzabelMacNeice,yHNZP7Nern
864,Georges,Petrichat,GeorgesPetrichat,xrOLT6OWS
865,Drona,Father,DronaFather,WQOlIeKz
866,Belle,Drinkhall,BelleDrinkhall,7zLSqf1f3
867,Polly,Crowd,PollyCrowd,FSQtqSRBc
868,Quintin,Varrow,QuintinVarrow,cYrGzet
869,Modestia,Bramhall,ModestiaBramhall,52eYqhacVu
870,Mollee,Shawell,MolleeShawell,IQusLQmY
871,Kellina,Maith,KellinaMaith,n2LicjGYq
872,Kylie,Dinkin,KylieDinkin,PEvaNT6SW
873,Merwyn,Winterborne,MerwynWinterborne,K5zBAVQn
874,Ulysses,Echalier,UlyssesEchalier,J0bczFF4cZ
875,Doretta,Sexstone,DorettaSexstone,XAIjmWX
876,Lethia,Nelsen,LethiaNelsen,rq6FYK
877,Jarret,Blenkiron,JarretBlenkiron,8DgKesR
878,Robina,Fuller,RobinaFuller,SE8dPQii8EF
879,Fannie,Boyet,FannieBoyet,kFSgneORJ
880,Hailey,Walliker,HaileyWalliker,Ddc0UbbauA6
881,Bari,Giacopazzi,BariGiacopazzi,T9WWyGR
882,Meara,Ickeringill,MearaIckeringill,KPgaGwycSB
883,Perl,Dreamer,PerlDreamer,zV8Gepknyox
884,Clarette,Vosper,ClaretteVosper,j4bP4vFlew
885,Hunter,Illem,HunterIllem,ajCQSx5oCq
886,Rebbecca,Brobyn,RebbeccaBrobyn,97zN56
887,Fairlie,Lemmens,FairlieLemmens,4YErXcXm
888,Goddard,Marke,GoddardMarke,zsHitBOtOSj
889,Susie,Dacke,SusieDacke,jMTjXPTXC
890,Augustus,Goatman,AugustusGoatman,gAnxid
891,Shandee,Isenor,ShandeeIsenor,pYTzu3
892,Ardath,Trench,ArdathTrench,DhZWH507J3
893,Thorstein,Gardner,ThorsteinGardner,ZiuTqwZ
894,Clem,Sokale,ClemSokale,aDb8UE
895,Dorry,Jadczak,DorryJadczak,AeRbNle4xfCq
896,Ilka,Burnup,IlkaBurnup,aisdm45
897,Louisa,Bauldry,LouisaBauldry,OcoUT0S
898,Fayina,Goldsworthy,FayinaGoldsworthy,yvGOP9
899,Cordell,Willetts,CordellWilletts,sFeQvP
900,Lee,Teaz,LeeTeaz,lydedX
901,Jocko,Trenholm,JockoTrenholm,lS8DyWyVzK
902,Chet,Pilsbury,ChetPilsbury,UqHHlGh0De
903,Raymond,Aubrun,RaymondAubrun,TSXhHW
904,Josy,Crufts,JosyCrufts,FFbRba3q5E
905,Lionel,Vanichev,LionelVanichev,j6GCBDH
906,Dillie,Dwane,DillieDwane,iIzWplD
907,Karlen,Tonner,KarlenTonner,diUVvRs
908,Lorianne,Settle,LorianneSettle,t7bDPcyZ
909,Geraldine,Poolman,GeraldinePoolman,60rKyG
910,Piggy,Gingle,PiggyGingle,ERvZlG80zI
911,Pierson,Jasper,PiersonJasper,HFgBT8Ze
912,Moe,Rickards,MoeRickards,nAN7XUU
913,Humfrid,Rieme,HumfridRieme,hbCKuN8gt
914,Kimberli,Ivantyev,KimberliIvantyev,mF280FLaW2A
915,Stefa,Jenman,StefaJenman,8Nhxo2oB2
916,Kaela,Lushey,KaelaLushey,8dpZ3fNZUk
917,Bernarr,Life,BernarrLife,1IICOgUmwhf
918,Kara-lynn,Jedrys,Kara-lynnJedrys,cwKjbW
919,Efrem,Van Velde,EfremVan Velde,7iWfDoB4
920,Truda,Ager,TrudaAger,tAc3QHeT8o
921,Dimitri,Matissoff,DimitriMatissoff,shhMhuhPa
922,Annabel,Fyndon,AnnabelFyndon,vbdy4AdNPi
923,Morganne,Cockson,MorganneCockson,1w6AOiv
924,Selma,Showalter,SelmaShowalter,vGOwUG
925,Trescha,Humbey,TreschaHumbey,iVyNFf7IUB1
926,Brewer,Wandrich,BrewerWandrich,BrIiuG
927,Sky,Boyd,SkyBoyd,clFpu7niYsmR
928,Braden,Van Dijk,BradenVan Dijk,6bXRxQt9g
929,Rosmunda,Jessopp,RosmundaJessopp,sZjyKMiWf
930,Rogers,Gallafant,RogersGallafant,akDfb9Y
931,Leora,Cowling,LeoraCowling,DGrzerW
932,Raffarty,Blinman,RaffartyBlinman,8Mru4Jw21LEI
933,Murdock,Vinson,MurdockVinson,MOu02Z
934,Hugibert,Seaborne,HugibertSeaborne,SH9dP2KsRpQq
935,Micky,Bodimeade,MickyBodimeade,EjgGNlwS
936,Fred,Flegg,FredFlegg,hQbKJsil5vY
937,Beilul,Bridgens,BeilulBridgens,Hg0AcvA
938,Tuckie,Ivett,TuckieIvett,43tc1Enk
939,Merilyn,Netley,MerilynNetley,Wr0GJoW
940,Britta,Bovingdon,BrittaBovingdon,toss7g
941,Broderick,Sherville,BroderickSherville,4dHHJthD2
942,Royall,Duligall,RoyallDuligall,CCMuMU
943,Luisa,Aronson,LuisaAronson,f73nff9F8Ih
944,Julie,Fishlee,JulieFishlee,VQnvDy
945,Sigismund,Lever,SigismundLever,hlMlpIO486T
946,Hetty,Selkirk,HettySelkirk,qWJg4vx
947,Agnes,Deevey,AgnesDeevey,4M8fgsQw
948,Emmott,Cornejo,EmmottCornejo,bH5OPDi0G
949,Imogene,Van Der Weedenburg,ImogeneVan Der Weedenburg,uY1RgVuMLY
950,Candi,Furmonger,CandiFurmonger,Dzm2JBNyJ
951,Tully,Hawe,TullyHawe,1esJLu
952,Hugo,Paddemore,HugoPaddemore,AY0A4PE
953,Tatum,Hadkins,TatumHadkins,IdDJ0W
954,Ronnica,Heims,RonnicaHeims,sGK1vP8jCjOj
955,Joyan,Scogings,JoyanScogings,WxLhCmHA6
956,Chandler,Ollin,ChandlerOllin,9gjSJ8zKX3sH
957,Dukie,Reckless,DukieReckless,diUBelsF
958,Etienne,Petrie,EtiennePetrie,M043CJ57S
959,Noelle,Dracksford,NoelleDracksford,7YKwJkE
960,Gard,Edmett,GardEdmett,sbRMOJlMP
961,Athene,Boniface,AtheneBoniface,9h3Rkw
962,Alanah,Bartolomieu,AlanahBartolomieu,H0bYLllF3
963,Heda,Buesden,HedaBuesden,DZuZX6
964,Stanfield,Tumpane,StanfieldTumpane,5KLTj2G
965,Jesselyn,Tolfrey,JesselynTolfrey,Ns92yieQus
966,Jemimah,Forgan,JemimahForgan,MCmiKsmPO
967,Adan,Milmith,AdanMilmith,Ub2QhWmzOqBG
968,Bjorn,MacGinlay,BjornMacGinlay,wf2ddaDXx
969,Sibley,Prosch,SibleyProsch,lSssYl6
970,Fran,Josham,FranJosham,Zd9I6tEH2
971,Sarajane,Derisley,SarajaneDerisley,10ayxJw
972,Tallia,Baxstar,TalliaBaxstar,llF8ncx8W
973,Rosemonde,Vaughn,RosemondeVaughn,Rw4L4w
974,Gilberta,Foxhall,GilbertaFoxhall,cGVZKjmI5c
975,Rebecca,Hinchon,RebeccaHinchon,l8cOEUh0Rh
976,Raynard,Flanne,RaynardFlanne,bKUvTFyhFLn
977,Julius,Alessandrelli,JuliusAlessandrelli,P7G7ZbxjvZ
978,Amata,Codrington,AmataCodrington,obBHDA
979,Breena,Bandiera,BreenaBandiera,pbB6kQTdQ
980,Georgy,Brockie,GeorgyBrockie,70py1WmRJMr
981,Feliza,Mulvenna,FelizaMulvenna,WW3eZGhuHJLR
982,Bidget,Janecki,BidgetJanecki,DS08Vpb
983,Chanda,Roskrug,ChandaRoskrug,dsYch8Yzi
984,Constancia,Rosettini,ConstanciaRosettini,xQjolf7e
985,Bernadene,Larder,BernadeneLarder,XXgjCHw
986,Nettle,Akess,NettleAkess,uqYJpP3bSbp
987,Talyah,Hambridge,TalyahHambridge,jQ3XG2bx
988,Adel,Degnen,AdelDegnen,SbSagOs2V0iQ
989,Winnah,Harly,WinnahHarly,KhqYidOQ43l
990,Tobie,McGowan,TobieMcGowan,TcEzi1
991,Rockey,Bance,RockeyBance,1p7P5ggd0ayE
992,Maire,Crotch,MaireCrotch,VDi3eD
993,Regan,Lomath,ReganLomath,ottd6hGnTJJ
994,Margot,Drinkhall,MargotDrinkhall,U1D25L7kRbE
995,Ellery,Brito,ElleryBrito,09XWBWu4L7D
996,Mead,Esposi,MeadEsposi,NOSsmn
997,Marketa,Maxted,MarketaMaxted,KDr9kRx9
998,Cassey,Quilliam,CasseyQuilliam,dQbwznhk
999,Baxy,Ciccone,BaxyCiccone,F0jeKbvlD2Zo
1000,Ibby,Moulton,IbbyMoulton,FI7OK9MBkVy
